Date,Time,Close Price
20100930,734411,10723
20101001,734412,10768
20101004,734415,10707
20101005,734416,10864
20101006,734417,10906
20101007,734418,10912
20101008,734419,10947
20101011,734422,10963
20101012,734423,10957
20101013,734424,11044
20101014,734425,11052
20101015,734426,11024
20101018,734429,11045
20101019,734430,10943
20101020,734431,11063
20101021,734432,11083
20101022,734433,11090
20101025,734436,11115
20101026,734437,11124
20101027,734438,11072
20101028,734439,11049
20101029,734440,11066
20101101,734443,11090
20101102,734444,11152
20101103,734445,11177
20101104,734446,11387
20101105,734447,11376
20101108,734450,11362
20101109,734451,11313
20101110,734452,11302
20101111,734453,11242
20101112,734454,11152
20101115,734457,11173
20101116,734458,10984
20101117,734459,10995
20101118,734460,11176
20101119,734461,11179
20101122,734464,11165
20101123,734465,11014
20101124,734466,11155
20101126,734468,11030
20101129,734471,11039
20101130,734472,10996
20101201,734473,11233
20101202,734474,11363
20101203,734475,11364
20101206,734478,11353
20101207,734479,11355
20101208,734480,11368
20101209,734481,11362
20101210,734482,11408
20101213,734485,11429
20101214,734486,11484
20101215,734487,11478
20101216,734488,11490
20101217,734489,11492
20101220,734492,11404
20101221,734493,11471
20101222,734494,11495
20101223,734495,11522
20101227,734499,11503
20101228,734500,11509
20101229,734501,11532
20101230,734502,11522
20101231,734503,11513
20110103,734506,11585
20110104,734507,11619
20110105,734508,11664
20110106,734509,11646
20110107,734510,11619
20110110,734513,11587
20110111,734514,11616
20110112,734515,11708
20110113,734516,11683
20110114,734517,11725
20110118,734521,11811
20110119,734522,11786
20110120,734523,11774
20110121,734524,11822
20110124,734527,11930
20110125,734528,11922
20110126,734529,11936
20110127,734530,11944
20110128,734531,11775
20110131,734534,11840
20110201,734535,11973
20110202,734536,11985
20110203,734537,12009
20110204,734538,12045
20110207,734541,12108
20110208,734542,12196
20110209,734543,12207
20110210,734544,12194
20110211,734545,12241
20110214,734548,12224
20110215,734549,12202
20110216,734550,12252
20110217,734551,12288
20110218,734552,12375
20110222,734556,12183
20110223,734557,12094
20110224,734558,12037
20110225,734559,12110
20110228,734562,12214
20110301,734563,12022
20110302,734564,12046
20110303,734565,12239
20110304,734566,12154
20110307,734569,12078
20110308,734570,12199
20110309,734571,12174
20110310,734572,11983
20110311,734573,12065
20110314,734576,11988
20110315,734577,11853
20110316,734578,11641
20110317,734579,11776
20110318,734580,11910
20110321,734583,11963
20110322,734584,11955
20110323,734585,12021
20110324,734586,12116
20110325,734587,12170
20110328,734590,12114
20110329,734591,12225
20110330,734592,12286
20110331,734593,12252
20110401,734594,12318
20110404,734597,12337
20110405,734598,12327
20110406,734599,12357
20110407,734600,12351
20110408,734601,12326
20110411,734604,12321
20110412,734605,12193
20110413,734606,12199
20110414,734607,12228
20110415,734608,12303
20110418,734611,12140
20110419,734612,12226
20110420,734613,12396
20110421,734614,12434
20110425,734618,12427
20110426,734619,12518
20110427,734620,12641
20110428,734621,12708
20110429,734622,12756
20110502,734625,12764
20110503,734626,12749
20110504,734627,12672
20110505,734628,12570
20110506,734629,12569
20110509,734632,12631
20110510,734633,12700
20110511,734634,12597
20110512,734635,12672
20110513,734636,12556
20110516,734639,12509
20110517,734640,12437
20110518,734641,12532
20110519,734642,12591
20110520,734643,12466
20110523,734646,12362
20110524,734647,12327
20110525,734648,12351
20110526,734649,12409
20110527,734650,12428
20110531,734654,12558
20110601,734655,12274
20110602,734656,12238
20110603,734657,12125
20110606,734660,12087
20110607,734661,12072
20110608,734662,12030
20110609,734663,12113
20110610,734664,11941
20110613,734667,11953
20110614,734668,12087
20110615,734669,11901
20110616,734670,11967
20110617,734671,12047
20110620,734674,12013
20110621,734675,12088
20110622,734676,12023
20110623,734677,11976
20110624,734678,11881
20110627,734681,11990
20110628,734682,12141
20110629,734683,12218
20110630,734684,12345
20110701,734685,12514
20110705,734689,12533
20110706,734690,12569
20110707,734691,12681
20110708,734692,12615
20110711,734695,12489
20110712,734696,12413
20110713,734697,12425
20110714,734698,12382
20110715,734699,12452
20110718,734702,12328
20110719,734703,12507
20110720,734704,12507
20110721,734705,12690
20110722,734706,12621
20110725,734709,12550
20110726,734710,12432
20110727,734711,12244
20110728,734712,12193
20110729,734713,12088
20110801,734716,12040
20110802,734717,11804
20110803,734718,11818
20110804,734719,11371
20110805,734720,11402
20110808,734723,10726
20110809,734724,11194
20110810,734725,10725
20110811,734726,11084
20110812,734727,11250
20110815,734730,11403
20110816,734731,11387
20110817,734732,11381
20110818,734733,11017
20110819,734734,10820
20110822,734737,10847
20110823,734738,11141
20110824,734739,11268
20110825,734740,11131
20110826,734741,11279
20110829,734744,11517
20110830,734745,11492
20110831,734746,11603
20110901,734747,11465
20110902,734748,11208
20110906,734752,11128
20110907,734753,11415
20110908,734754,11293
20110909,734755,11021
20110912,734758,11061
20110913,734759,11095
20110914,734760,11248
20110915,734761,11452
20110916,734762,11500.5
20110919,734765,11323
20110920,734766,11335
20110921,734767,11007
20110922,734768,10650
20110923,734769,10697
20110926,734772,10972
20110927,734773,11120
20110928,734774,10976
20110929,734775,11099
20110930,734776,10841
20111003,734779,10529
20111004,734780,10683
20111005,734781,10838
20111006,734782,11046
20111007,734783,11066
20111010,734786,11368
20111011,734787,11330
20111012,734788,11416
20111013,734789,11392
20111014,734790,11566
20111017,734793,11301
20111018,734794,11526
20111019,734795,11444
20111020,734796,11472
20111021,734797,11757
20111024,734800,11825
20111025,734801,11662
20111026,734802,11802
20111027,734803,12168
20111028,734804,12168
20111031,734807,11897
20111101,734808,11682
20111102,734809,11768
20111103,734810,11976
20111104,734811,11941
20111107,734814,12007
20111108,734815,12123
20111109,734816,11732
20111110,734817,11855
20111111,734818,12112
20111114,734821,12060
20111115,734822,12038
20111116,734823,11845
20111117,734824,11739
20111118,734825,11767
20111121,734828,11525
20111122,734829,11447
20111123,734830,11234
20111125,734832,11187
20111128,734835,11498
20111129,734836,11565
20111130,734837,12034
20111201,734838,12003
20111202,734839,12000
20111205,734842,12066
20111206,734843,12112
20111207,734844,12214
20111208,734845,12012
20111209,734846,12210
20111212,734849,12011
20111213,734850,11964
20111214,734851,11833
20111215,734852,11899
20111216,734853,11949.3
20111219,734856,11703
20111220,734857,12031
20111221,734858,12024
20111222,734859,12103
20111223,734860,12217
20111227,734864,12219
20111228,734865,12081
20111229,734866,12217
20111230,734867,12150
20120103,734871,12338
20120104,734872,12356
20120105,734873,12331
20120106,734874,12309
20120109,734877,12337
20120110,734878,12390
20120111,734879,12388
20120112,734880,12413
20120113,734881,12390
20120117,734885,12420
20120118,734886,12504
20120119,734887,12587
20120120,734888,12654
20120123,734891,12650
20120124,734892,12626
20120125,734893,12688
20120126,734894,12684
20120127,734895,12614
20120130,734898,12602
20120131,734899,12577
20120201,734900,12653
20120202,734901,12666
20120203,734902,12793
20120206,734905,12776
20120207,734906,12831
20120208,734907,12843
20120209,734908,12842
20120210,734909,12767
20120213,734912,12835
20120214,734913,12840
20120215,734914,12763
20120216,734915,12870
20120217,734916,12929
20120221,734920,12945
20120222,734921,12916
20120223,734922,12974
20120224,734923,12961
20120227,734926,12969
20120228,734927,12997
20120229,734928,12937
20120301,734929,12973
20120302,734930,12968
20120305,734933,12961
20120306,734934,12744
20120307,734935,12841
20120308,734936,12911
20120309,734937,12931
20120312,734940,12966
20120313,734941,13176
20120314,734942,13195
20120315,734943,13238
20120316,734944,13302.8
20120319,734947,13167
20120320,734948,13108
20120321,734949,13066
20120322,734950,13001
20120323,734951,13032
20120326,734954,13200
20120327,734955,13124
20120328,734956,13053
20120329,734957,13078
20120330,734958,13142
20120402,734961,13189
20120403,734962,13132
20120404,734963,13005
20120405,734964,12978
20120409,734968,12850
20120410,734969,12680
20120411,734970,12744
20120412,734971,12950
20120413,734972,12788
20120416,734975,12850
20120417,734976,13024
20120418,734977,12957
20120419,734978,12902
20120420,734979,12988
20120423,734982,12871
20120424,734983,12959
20120425,734984,13040
20120426,734985,13160
20120427,734986,13164
20120430,734989,13155
20120501,734990,13218
20120502,734991,13204
20120503,734992,13143
20120504,734993,12957
20120507,734996,12959
20120508,734997,12867
20120509,734998,12795
20120510,734999,12834
20120511,735000,12788
20120514,735003,12655
20120515,735004,12605
20120516,735005,12574
20120517,735006,12413
20120518,735007,12335
20120521,735010,12490
20120522,735011,12477
20120523,735012,12466
20120524,735013,12536
20120525,735014,12429
20120529,735018,12583
20120530,735019,12381
20120531,735020,12383
20120601,735021,12103
20120604,735024,12063
20120605,735025,12126
20120606,735026,12419
20120607,735027,12479
20120608,735028,12575
20120611,735031,12382
20120612,735032,12585
20120613,735033,12501
20120614,735034,12676
20120615,735035,12729.9
20120618,735038,12686
20120619,735039,12762
20120620,735040,12763
20120621,735041,12502
20120622,735042,12568
20120625,735045,12431
20120626,735046,12486
20120627,735047,12553
20120628,735048,12526
20120629,735049,12808
20120702,735052,12776
20120703,735053,12867
20120705,735055,12832
20120706,735056,12727
20120709,735059,12685
20120710,735060,12585
20120711,735061,12536
20120712,735062,12502
20120713,735063,12712
20120716,735066,12648
20120717,735067,12737
20120718,735068,12860
20120719,735069,12880
20120720,735070,12773
20120723,735073,12645
20120724,735074,12524
20120725,735075,12637
20120726,735076,12825
20120727,735077,13033
20120730,735080,13001
20120731,735081,12949
20120801,735082,12923
20120802,735083,12831
20120803,735084,13055
20120806,735087,13067
20120807,735088,13119
20120808,735089,13120
20120809,735090,13138
20120810,735091,13172
20120813,735094,13137
20120814,735095,13133
20120815,735096,13135
20120816,735097,13225
20120817,735098,13247
20120820,735101,13229
20120821,735102,13199
20120822,735103,13156
20120823,735104,13039
20120824,735105,13156
20120827,735108,13107
20120828,735109,13086
20120829,735110,13084
20120830,735111,12982
20120831,735112,13079
20120904,735116,13050
20120905,735117,13050
20120906,735118,13275
20120907,735119,13296
20120910,735122,13237
20120911,735123,13293
20120912,735124,13361
20120913,735125,13520
20120914,735126,13592
20120917,735129,13541
20120918,735130,13570
20120919,735131,13570
20120920,735132,13593
20120921,735133,13652.3
20120924,735136,13489
20120925,735137,13405
20120926,735138,13345
20120927,735139,13414
20120928,735140,13355
20121001,735143,13437
20121002,735144,13411
20121003,735145,13426
20121004,735146,13498
20121005,735147,13536
20121008,735150,13501
20121009,735151,13412
20121010,735152,13268
20121011,735153,13265
20121012,735154,13245
20121015,735157,13359
20121016,735158,13453
20121017,735159,13489
20121018,735160,13487
20121019,735161,13252
20121022,735164,13292
20121023,735165,13041
20121024,735166,13021
20121025,735167,13056
20121026,735168,13054
20121031,735173,13030
20121101,735174,13165
20121102,735175,12991
20121105,735178,13053
20121106,735179,13201
20121107,735180,12863
20121108,735181,12775
20121109,735182,12764
20121112,735185,12780
20121113,735186,12717
20121114,735187,12544
20121115,735188,12522
20121116,735189,12570
20121119,735192,12738
20121120,735193,12759
20121121,735194,12800
20121123,735196,12961
20121126,735199,12936
20121127,735200,12862
20121128,735201,12957
20121129,735202,13021
20121130,735203,13008
20121203,735206,12950
20121204,735207,12933
20121205,735208,13024
20121206,735209,13063
20121207,735210,13143
20121210,735213,13187
20121211,735214,13278
20121212,735215,13230
20121213,735216,13157
20121214,735217,13150
20121217,735220,13245
20121218,735221,13329
20121219,735222,13268
20121220,735223,13322
20121221,735224,13249.5
20121224,735227,13065
20121226,735229,13048
20121227,735230,13003
20121228,735231,12777
20121231,735234,13027
20130102,735236,13331
20130103,735237,13319
20130104,735238,13346
20130107,735241,13307
20130108,735242,13267
20130109,735243,13325
20130110,735244,13406
20130111,735245,13433
20130114,735248,13433
20130115,735249,13463
20130116,735250,13437
20130117,735251,13542
20130118,735252,13576
20130122,735256,13696
20130123,735257,13719
20130124,735258,13781
20130125,735259,13812
20130128,735262,13832
20130129,735263,13908
20130130,735264,13838
20130131,735265,13797
20130201,735266,13930
20130204,735269,13845
20130205,735270,13910
20130206,735271,13928
20130207,735272,13898
20130208,735273,13926
20130211,735276,13924
20130212,735277,13973
20130213,735278,13958
20130214,735279,13950
20130215,735280,13948
20130219,735284,14007
20130220,735285,13889
20130221,735286,13872
20130222,735287,13981
20130225,735290,13788
20130226,735291,13859
20130227,735292,14060
20130228,735293,14038
20130301,735294,14074
20130304,735297,14116
20130305,735298,14233
20130306,735299,14265
20130307,735300,14316
20130308,735301,14373
20130311,735304,14444
20130312,735305,14450
20130313,735306,14462
20130314,735307,14523
20130315,735308,14493.8
20130318,735311,14390
20130319,735312,14388
20130320,735313,14408
20130321,735314,14347
20130322,735315,14459
20130325,735318,14386
20130326,735319,14478
20130327,735320,14445
20130328,735321,14497
20130401,735325,14489
20130402,735326,14584
20130403,735327,14487
20130404,735328,14531
20130405,735329,14484
20130408,735332,14563
20130409,735333,14610
20130410,735334,14733
20130411,735335,14796
20130412,735336,14784
20130415,735339,14512
20130416,735340,14685
20130417,735341,14552
20130418,735342,14410
20130419,735343,14470
20130422,735346,14499
20130423,735347,14644
20130424,735348,14615
20130425,735349,14653
20130426,735350,14649
20130429,735353,14748
20130430,735354,14773
20130501,735355,14636
20130502,735356,14760
20130503,735357,14898
20130506,735360,14906
20130507,735361,14983
20130508,735362,15062
20130509,735363,15044
20130510,735364,15068
20130513,735367,15057
20130514,735368,15175
20130515,735369,15235
20130516,735370,15212
20130517,735371,15315
20130520,735374,15319
20130521,735375,15355
20130522,735376,15320
20130523,735377,15289
20130524,735378,15307
20130528,735382,15373
20130529,735383,15290
20130530,735384,15319
20130531,735385,15100
20130603,735388,15217
20130604,735389,15179
20130605,735390,14959
20130606,735391,15036
20130607,735392,15208
20130610,735395,15228
20130611,735396,15138
20130612,735397,14978
20130613,735398,15186
20130614,735399,15056
20130617,735402,15190
20130618,735403,15313
20130619,735404,15116
20130620,735405,14776
20130621,735406,14867.8
20130624,735409,14588
20130625,735410,14690
20130626,735411,14824
20130627,735412,14936
20130628,735413,14824
20130701,735416,14882
20130702,735417,14861
20130703,735418,14916
20130705,735420,15076
20130708,735423,15160
20130709,735424,15222
20130710,735425,15243
20130711,735426,15393
20130712,735427,15369
20130715,735430,15416
20130716,735431,15391
20130717,735432,15440
20130718,735433,15481
20130719,735434,15506
20130722,735437,15491
20130723,735438,15513
20130724,735439,15500
20130725,735440,15484
20130726,735441,15498
20130729,735444,15483
20130730,735445,15493
20130731,735446,15433
20130801,735447,15550
20130802,735448,15590
20130805,735451,15554
20130806,735452,15474
20130807,735453,15442
20130808,735454,15452
20130809,735455,15375
20130812,735458,15387
20130813,735459,15411
20130814,735460,15304
20130815,735461,15070
20130816,735462,15038
20130819,735465,15002
20130820,735466,14985
20130821,735467,14847
20130822,735468,14939
20130823,735469,14990
20130826,735472,14931
20130827,735473,14758
20130828,735474,14806
20130829,735475,14834
20130830,735476,14795
20130903,735480,14827
20130904,735481,14924
20130905,735482,14917
20130906,735483,14909
20130909,735486,15036
20130910,735487,15173
20130911,735488,15330
20130912,735489,15313
20130913,735490,15382
20130916,735493,15504
20130917,735494,15533
20130918,735495,15662
20130919,735496,15644
20130920,735497,15639.3
20130923,735500,15326
20130924,735501,15286
20130925,735502,15210
20130926,735503,15261
20130927,735504,15195
20130930,735507,15046
20131001,735508,15120
20131002,735509,15025
20131003,735510,14906
20131004,735511,14998
20131007,735514,14851
20131008,735515,14714
20131009,735516,14728
20131010,735517,15033
20131011,735518,15175
20131014,735521,15225
20131015,735522,15095
20131016,735523,15249
20131017,735524,15296
20131018,735525,15316
20131021,735528,15322
20131022,735529,15398
20131023,735530,15351
20131024,735531,15454
20131025,735532,15497
20131028,735535,15518
20131029,735536,15616
20131030,735537,15553
20131031,735538,15477
20131101,735539,15542
20131104,735542,15575
20131105,735543,15550
20131106,735544,15683
20131107,735545,15567
20131108,735546,15700
20131111,735549,15723
20131112,735550,15710
20131113,735551,15779
20131114,735552,15839
20131115,735553,15913
20131118,735556,15938
20131119,735557,15934
20131120,735558,15878
20131121,735559,15975
20131122,735560,16027
20131125,735563,16062
20131126,735564,16060
20131127,735565,16074
20131129,735567,16066
20131202,735570,15998
20131203,735571,15891
20131204,735572,15886
20131205,735573,15817
20131206,735574,16013
20131209,735577,16026
20131210,735578,15978
20131211,735579,15836
20131212,735580,15741
20131213,735581,15757
20131216,735584,15880
20131217,735585,15869
20131218,735586,16166
20131219,735587,16175
20131220,735588,16209.5
20131223,735591,16238
20131224,735592,16303
20131226,735594,16422
20131227,735595,16421
20131230,735598,16439
20131231,735599,16494
20140102,735601,16388
20140103,735602,16407
20140106,735605,16365
20140107,735606,16454
20140108,735607,16407
20140109,735608,16391
20140110,735609,16381
20140113,735612,16214
20140114,735613,16299
20140115,735614,16408
20140116,735615,16324
20140117,735616,16397
20140121,735620,16355
20140122,735621,16317
20140123,735622,16151
20140124,735623,15816
20140127,735626,15787
20140128,735627,15876
20140129,735628,15698
20140130,735629,15733
20140131,735630,15630
20140203,735633,15292
20140204,735634,15338
20140205,735635,15367
20140206,735636,15549
20140207,735637,15739
20140210,735640,15739
20140211,735641,15929
20140212,735642,15943
20140213,735643,15979
20140214,735644,16127
20140218,735648,16107
20140219,735649,16016
20140220,735650,16100
20140221,735651,16093
20140224,735654,16186
20140225,735655,16187
20140226,735656,16178
20140227,735657,16272
20140228,735658,16307
20140303,735661,16148
20140304,735662,16381
20140305,735663,16355
20140306,735664,16415
20140307,735665,16448
20140310,735668,16413
20140311,735669,16336
20140312,735670,16339
20140313,735671,16116
20140314,735672,16061
20140317,735675,16235
20140318,735676,16331
20140319,735677,16213
20140320,735678,16339
20140321,735679,16499.2
20140324,735682,16202
20140325,735683,16298
20140326,735684,16179
20140327,735685,16182
20140328,735686,16240
20140331,735689,16373
20140401,735690,16449
20140402,735691,16487
20140403,735692,16501
20140404,735693,16356
20140407,735696,16178
20140408,735697,16180
20140409,735698,16360
20140410,735699,16110
20140411,735700,15981
20140414,735703,16096
20140415,735704,16205
20140416,735705,16331
20140417,735706,16343
20140421,735710,16371
20140422,735711,16458
20140423,735712,16460
20140424,735713,16431
20140425,735714,16324
20140428,735717,16397
20140429,735718,16467
20140430,735719,16511
20140501,735720,16488
20140502,735721,16447
20140505,735724,16444
20140506,735725,16360
20140507,735726,16468
20140508,735727,16510
20140509,735728,16527
20140512,735731,16655
20140513,735732,16675
20140514,735733,16587
20140515,735734,16421
20140516,735735,16465
20140519,735738,16481
20140520,735739,16337
20140521,735740,16499
20140522,735741,16528
20140523,735742,16586
20140527,735746,16654
20140528,735747,16628
20140529,735748,16681
20140530,735749,16704
20140602,735752,16722
20140603,735753,16713
20140604,735754,16718
20140605,735755,16818
20140606,735756,16932
20140609,735759,16936
20140610,735760,16942
20140611,735761,16855
20140612,735762,16750
20140613,735763,16769
20140616,735766,16774
20140617,735767,16805
20140618,735768,16898
20140619,735769,16916
20140620,735770,16977
20140623,735773,16840
20140624,735774,16752
20140625,735775,16771
20140626,735776,16762
20140627,735777,16757
20140630,735780,16740
20140701,735781,16876
20140702,735782,16899
20140703,735783,16976
20140707,735787,16946
20140708,735788,16860
20140709,735789,16913
20140710,735790,16842
20140711,735791,16881
20140714,735794,16978
20140715,735795,16988
20140716,735796,17057
20140717,735797,16941
20140718,735798,17032
20140721,735801,16983
20140722,735802,17033
20140723,735803,17025
20140724,735804,16998
20140725,735805,16891
20140728,735808,16916
20140729,735809,16845
20140730,735810,16821
20140731,735811,16494
20140801,735812,16416
20140804,735815,16486
20140805,735816,16366
20140806,735817,16395
20140807,735818,16321
20140808,735819,16479
20140811,735822,16515
20140812,735823,16519
20140813,735824,16619
20140814,735825,16682
20140815,735826,16631
20140818,735829,16793
20140819,735830,16881
20140820,735831,16950
20140821,735832,17016
20140822,735833,16993
20140825,735836,17056
20140826,735837,17097
20140827,735838,17093
20140828,735839,17077
20140829,735840,17085
20140902,735844,17053
20140903,735845,17073
20140904,735846,17079
20140905,735847,17117
20140908,735850,17100
20140909,735851,17034
20140910,735852,17058
20140911,735853,17043
20140912,735854,16991
20140915,735857,17028
20140916,735858,17137
20140917,735859,17152
20140918,735860,17260
20140919,735861,17369.3
20140922,735864,17099
20140923,735865,16963
20140924,735866,17139
20140925,735867,16900
20140926,735868,17030
20140929,735871,16980
20140930,735872,16965
20141001,735873,16740
20141002,735874,16724
20141003,735875,16921
20141006,735878,16903
20141007,735879,16651
20141008,735880,16903
20141009,735881,16610
20141010,735882,16437
20141013,735885,16232
20141014,735886,16255
20141015,735887,16007
20141016,735888,16015
20141017,735889,16309
20141020,735892,16331
20141021,735893,16547
20141022,735894,16425
20141023,735895,16613
20141024,735896,16736
20141027,735899,16756
20141028,735900,16936
20141029,735901,16924
20141030,735902,17114
20141031,735903,17311
20141103,735906,17285
20141104,735907,17305
20141105,735908,17413
20141106,735909,17504
20141107,735910,17501
20141110,735913,17553
20141111,735914,17568
20141112,735915,17577
20141113,735916,17596
20141114,735917,17604
20141117,735920,17617
20141118,735921,17652
20141119,735922,17657
20141120,735923,17694
20141121,735924,17780
20141124,735927,17792
20141125,735928,17808
20141126,735929,17810
20141128,735931,17812
20141201,735934,17755
20141202,735935,17862
20141203,735936,17897
20141204,735937,17890
20141205,735938,17953
20141208,735941,17851
20141209,735942,17780
20141210,735943,17542
20141211,735944,17574
20141212,735945,17256
20141215,735948,17190
20141216,735949,17070
20141217,735950,17354
20141218,735951,17786
20141219,735952,17755.4
20141222,735955,17897
20141223,735956,17976
20141224,735957,17988
20141226,735959,18012
20141229,735962,17982
20141230,735963,17941
20141231,735964,17752
20150102,735966,17723
20150105,735969,17450
20150106,735970,17290
20150107,735971,17507
20150108,735972,17820
20150109,735973,17649
20150112,735976,17571
20150113,735977,17535
20150114,735978,17365
20150115,735979,17283
20150116,735980,17432
20150120,735984,17461
20150121,735985,17491
20150122,735986,17737
20150123,735987,17588
20150126,735990,17614
20150127,735991,17378
20150128,735992,17100
20150129,735993,17432
20150130,735994,17097
20150202,735997,17299
20150203,735998,17572
20150204,735999,17568
20150205,736000,17784
20150206,736001,17782
20150209,736004,17681
20150210,736005,17793
20150211,736006,17831
20150212,736007,17932
20150213,736008,17982
20150217,736012,18001
20150218,736013,17993
20150219,736014,17959
20150220,736015,18104
20150223,736018,18085
20150224,736019,18186
20150225,736020,18194
20150226,736021,18203
20150227,736022,18127
20150302,736025,18248
20150303,736026,18186
20150304,736027,18086
20150305,736028,18120
20150306,736029,17861
20150309,736032,17970
20150310,736033,17666
20150311,736034,17638
20150312,736035,17866
20150313,736036,17729
20150316,736039,17933
20150317,736040,17857
20150318,736041,18069
20150319,736042,17966
20150320,736043,18042.3
20150323,736046,18016
20150324,736047,17949
20150325,736048,17649
20150326,736049,17603
20150327,736050,17626
20150330,736053,17860
20150331,736054,17703
20150401,736055,17615
20150402,736056,17676
20150406,736060,17805
20150407,736061,17785
20150408,736062,17829
20150409,736063,17887
20150410,736064,17973
20150413,736067,17910
20150414,736068,17964
20150415,736069,18022
20150416,736070,18041
20150417,736071,17770
20150420,736074,17943
20150421,736075,17883
20150422,736076,17945
20150423,736077,17981
20150424,736078,18017
20150427,736081,17990
20150428,736082,18058
20150429,736083,17954
20150430,736084,17759
20150501,736085,17934
20150504,736088,17995
20150505,736089,17864
20150506,736090,17778
20150507,736091,17889
20150508,736092,18121
20150511,736095,18041
20150512,736096,18029
20150513,736097,18015
20150514,736098,18202
20150515,736099,18229
20150518,736102,18259
20150519,736103,18284
20150520,736104,18256
20150521,736105,18258
20150522,736106,18224
20150526,736110,18053
20150527,736111,18141
20150528,736112,18134
20150529,736113,18009
20150601,736116,18023
20150602,736117,18001
20150603,736118,18096
20150604,736119,17925
20150605,736120,17842
20150608,736123,17768
20150609,736124,17767
20150610,736125,18018
20150611,736126,18043
20150612,736127,17903
20150615,736130,17796
20150616,736131,17911
20150617,736132,17911
20150618,736133,18125
20150619,736134,18078.5
20150622,736137,18025
20150623,736138,18067
20150624,736139,17883
20150625,736140,17812
20150626,736141,17873
20150629,736144,17520
20150630,736145,17523
20150701,736146,17671
20150702,736147,17649
20150706,736151,17627
20150707,736152,17680
20150708,736153,17442
20150709,736154,17452
20150710,736155,17669
20150713,736158,17900
20150714,736159,17961
20150715,736160,17992
20150716,736161,18020
20150717,736162,17997
20150720,736165,18003
20150721,736166,17866
20150722,736167,17785
20150723,736168,17676
20150724,736169,17523
20150727,736172,17396
20150728,736173,17546
20150729,736174,17682
20150730,736175,17686
20150731,736176,17614
20150803,736179,17511
20150804,736180,17454
20150805,736181,17475
20150806,736182,17375
20150807,736183,17321
20150810,736186,17553
20150811,736187,17355
20150812,736188,17367
20150813,736189,17369
20150814,736190,17439
20150817,736193,17504
20150818,736194,17482
20150819,736195,17285
20150820,736196,16917
20150821,736197,16467
20150824,736200,15709
20150825,736201,15719
20150826,736202,16249
20150827,736203,16650
20150828,736204,16659
20150831,736207,16508
20150901,736208,16087
20150902,736209,16330
20150903,736210,16348
20150904,736211,16119
20150908,736215,16452
20150909,736216,16270
20150910,736217,16306
20150911,736218,16436
20150914,736221,16380
20150915,736222,16621
20150916,736223,16765
20150917,736224,16658
20150918,736225,16505.7
20150921,736228,16456
20150922,736229,16229
20150923,736230,16187
20150924,736231,16099
20150925,736232,16203
20150928,736235,15909
20150929,736236,15949
20150930,736237,16172
20151001,736238,16190
20151002,736239,16377
20151005,736242,16659
20151006,736243,16672
20151007,736244,16814
20151008,736245,16966
20151009,736246,16991
20151012,736249,17040
20151013,736250,16973
20151014,736251,16822
20151015,736252,17069
20151016,736253,17115
20151019,736256,17117
20151020,736257,17107
20151021,736258,17056
20151022,736259,17408
20151023,736260,17546
20151026,736263,17531
20151027,736264,17513
20151028,736265,17702
20151029,736266,17684
20151030,736267,17594
20151102,736270,17735
20151103,736271,17841
20151104,736272,17787
20151105,736273,17802
20151106,736274,17843
20151109,736277,17675
20151110,736278,17716
20151111,736279,17655
20151112,736280,17398
20151113,736281,17206
20151116,736284,17421
20151117,736285,17456
20151118,736286,17689
20151119,736287,17707
20151120,736288,17801
20151123,736291,17762
20151124,736292,17765
20151125,736293,17802
20151127,736295,17801
20151130,736298,17714
20151201,736299,17862
20151202,736300,17758
20151203,736301,17486
20151204,736302,17819
20151207,736305,17756
20151208,736306,17534
20151209,736307,17456
20151210,736308,17566
20151211,736309,17261
20151214,736312,17336
20151215,736313,17551
20151216,736314,17735
20151217,736315,17443
20151218,736316,17387.4
20151221,736319,17178
20151222,736320,17357
20151223,736321,17472
20151224,736322,17449
20151228,736326,17438
20151229,736327,17638
20151230,736328,17509
20151231,736329,17341
20160104,736333,17085
20160105,736334,17081
20160106,736335,16838
20160107,736336,16419
20160108,736337,16235
20160111,736340,16287
20160112,736341,16363
20160113,736342,16056
20160114,736343,16281
20160115,736344,15912
20160119,736348,15913
20160120,736349,15717
20160121,736350,15787
20160122,736351,16004
20160125,736354,15811
20160126,736355,16066
20160127,736356,15851
20160128,736357,15972
20160129,736358,16356
20160201,736361,16340
20160202,736362,16091
20160203,736363,16263
20160204,736364,16328
20160205,736365,16131
20160208,736368,15988
20160209,736369,15959
20160210,736370,15866
20160211,736371,15612
20160212,736372,15913
20160216,736376,16131
20160217,736377,16413
20160218,736378,16391
20160219,736379,16358
20160222,736382,16539
20160223,736383,16396
20160224,736384,16473
20160225,736385,16672
20160226,736386,16601
20160229,736389,16497
20160301,736390,16849
20160302,736391,16868
20160303,736392,16919
20160304,736393,16967
20160307,736396,17048
20160308,736397,16972
20160309,736398,17008
20160310,736399,16994
20160311,736400,17184
20160314,736403,17222
20160315,736404,17242
20160316,736405,17332
20160317,736406,17486
20160318,736407,17557
20160321,736410,17528
20160322,736411,17504
20160323,736412,17426
20160324,736413,17439
20160328,736417,17448
20160329,736418,17538
20160330,736419,17622
20160331,736420,17595
20160401,736421,17706
20160404,736424,17642
20160405,736425,17527
20160406,736426,17628
20160407,736427,17458
20160408,736428,17485
20160411,736431,17473
20160412,736432,17637
20160413,736433,17828
20160414,736434,17842
20160415,736435,17814
20160418,736438,17928
20160419,736439,17961
20160420,736440,18037
20160421,736441,17899
20160422,736442,17917
20160425,736445,17902
20160426,736446,17919
20160427,736447,17963
20160428,736448,17761
20160429,736449,17693
20160502,736452,17799
20160503,736453,17673
20160504,736454,17581
20160505,736455,17574
20160506,736456,17671
20160509,736459,17646
20160510,736460,17853
20160511,736461,17659
20160512,736462,17668
20160513,736463,17495
20160516,736466,17664
20160517,736467,17489
20160518,736468,17479
20160519,736469,17415
20160520,736470,17482
20160523,736473,17470
20160524,736474,17687
20160525,736475,17817
20160526,736476,17817
20160527,736477,17849
20160531,736481,17774
20160601,736482,17779
20160602,736483,17825
20160603,736484,17800
20160606,736487,17915
20160607,736488,17933
20160608,736489,17995
20160609,736490,17973
20160610,736491,17866
20160613,736494,17728
20160614,736495,17662
20160615,736496,17646
20160616,736497,17740
20160617,736498,17737
20160620,736501,17712
20160621,736502,17737
20160622,736503,17688
20160623,736504,17915
20160624,736505,17247
20160627,736508,16985
20160628,736509,17301
20160629,736510,17624
20160630,736511,17819
20160701,736512,17866
20160705,736516,17762
20160706,736517,17834
20160707,736518,17818
20160708,736519,18038
20160711,736522,18147
20160712,736523,18264
20160713,736524,18288
20160714,736525,18427
20160715,736526,18417
20160718,736529,18451
20160719,736530,18480
20160720,736531,18531
20160721,736532,18436
20160722,736533,18478
20160725,736536,18420
20160726,736537,18398
20160727,736538,18390
20160728,736539,18376
20160729,736540,18362
20160801,736543,18326
20160802,736544,18248
20160803,736545,18269
20160804,736546,18273
20160805,736547,18454
20160808,736550,18460
20160809,736551,18466
20160810,736552,18452
20160811,736553,18565
20160812,736554,18523
20160815,736557,18582
20160816,736558,18524
20160817,736559,18541
20160818,736560,18565
20160819,736561,18540
20160822,736564,18519
20160823,736565,18528
20160824,736566,18472
20160825,736567,18448
20160826,736568,18380
20160829,736571,18489
20160830,736572,18444
20160831,736573,18395
20160901,736574,18395
20160902,736575,18480
20160906,736579,18523
20160907,736580,18514
20160908,736581,18459
20160909,736582,18041
20160912,736585,18321
20160913,736586,18087
20160914,736587,18000
20160915,736588,18200
20160916,736589,18167.6
20160919,736592,18052
20160920,736593,18047
20160921,736594,18218
20160922,736595,18299
20160923,736596,18190
20160926,736599,18014
20160927,736600,18139
20160928,736601,18238
20160929,736602,18097
20160930,736603,18219
